{
    "bands": [
        "g",
        "r",
        "i",
        "z"
    ],
    "coeffs": [
        0.7420593010095559,
        1.0228927935795755,
        0.12520296130710884,
        -0.0015136273920787035,
        -0.9244954653987524,
        0.8995470696374681,
        0.05243063890851532,
        -0.00016251561186332675,
        -0.5428314588801019,
        1.1400109514815298,
        0.004040954263951349,
        -0.0003557757515649732,
        -26.11447920865126,
        0.12747796250636415,
        0.27175731138178866,
        -0.001926046445401195,
        -26.795021577953545,
        0.017218812767182765,
        0.1480110552575727,
        -0.0001889453226850292,
        -25.849666107111954,
        0.27952793997368836,
        0.09162265497532876,
        -0.00031338197203527015,
        -25.287214590169125,
        0.03920919464903606,
        0.07849498369963674,
        -0.0004162174688160768
    ],
    "coeffs_err": [
        0.0003355562303609164,
        0.00016393524984452857,
        0.00029082638356946823,
        2.6469702468703513e-05,
        0.0003117735829603235,
        0.0003323734656814329,
        0.00027359915157700585,
        2.5426045302523126e-05,
        0.00027135599372544187,
        0.0004376920811403947,
        0.0002455259309929112,
        2.336297204364995e-05,
        0.0002334592432744288,
        0.00011323331133472564,
        0.0002040621312175481,
        1.8415649639958024e-05,
        0.00021453302322212758,
        0.00021497758319976567,
        0.00018903814214453756,
        1.7246321542266053e-05,
        0.00019813544585712954,
        0.0003289506618299846,
        0.0001785518940954069,
        1.7000275520600367e-05,
        0.00017234889923513854,
        0.0002618434239216438,
        0.00015683521007057945,
        1.4718607177998676e-05
    ],
    "nbands": 4,
    "ncoeffs": 4,
    "ncolors": 3,
    "use_time_from_midnight": true
}